{"laser_rect_area": [[626.1441040039062, 723.8411254882812], [455.5872802734375, 710.9689331054688], [480.35614013671875, 382.78167724609375], [650.9129638671875, 395.65386962890625]], "laser_offset_x": -23.0, "laser_offset_y": 37.0}